Word,Count
di,1113
saya,1003
bisa,634
instagram,633
dan,546
tolong,517
tidak,517
ada,492
yang,491
nya,478
ini,450
fitur,448
akun,431
lagi,341
ig,325
story,303
tapi,289
kenapa,288
padahal,284
yg,280
ga,277
itu,258
bug,247
untuk,247
sudah,246
update,241
malah,241
mau,241
foto,228
juga,220
tiba,214
banyak,214
gak,211
aplikasi,209
udah,202
ya,199
ke,196
jadi,195
perbaiki,193
bagus,182
video,177
arsip,176
aja,173
dari,165
sangat,156
lain,151
sama,150
lama,149
buat,147
sekarang,142
aku,141
makin,140
baru,138
terus,137
jangan,134
kalo,126
atau,125
diperbaiki,125
banget,123
karena,123
dengan,122
hilang,122
mohon,122
pas,121
muncul,120
orang,113
postingan,113
dong,110
kalau,109
masih,109
buka,108
seperti,104
login,103
semua,101
apa,101
selalu,101
kita,97
bikin,96
hapus,95
lebih,95
masalah,95
kok,92
pihak,91
saat,87
reels,86
sendiri,86
gabisa,86
sekali,84
sering,84
kali,83
upload,83
musik,82
dulu,82
kenangan,81
saja,80
sih,80
bintang,77
setelah,76
lagu,75
udh,75
lah,72
apk,72
pake,71
suka,71
setiap,69
harus,69
masuk,68
gk,68
tetap,67
lancar,65
terimakasih,65
satu,64
beberapa,64
hp,64
kasih,63
pengguna,61
pada,60
segera,59
gitu,59
akan,58
hari,58
liat,57
coba,57
jaringan,56
ketika,55
kecewa,54
masa,54
cuma,54
profil,52
kadang,52
keluar,52
archive,52
cerita,50
aneh,50
gimana,50
karna,49
jelek,48
tetapi,48
ingin,48
pernah,48
baik,47
sampai,47
kesalahan,46
kayak,46
ku,46
vidio,45
sandi,45
kembali,44
hal,44
dapat,44
tulisan,44
jika,44
nge,43
banding,43
kata,43
pdhl,42
post,42
sampe,42
jelas,41
dah,41
error,41
tersedia,41
gini,41
salah,40
posting,40
susah,39
tetep,39
tiap,39
hanya,39
dihapus,39
bgt,39
melihat,38
sinyal,38
tersebut,38
dalam,38
belum,38
cara,38
menggunakan,38
eror,38
berguna,38
terjadi,37
kan,37
tanpa,37
biar,37
trus,37
loading,36
lalu,36
lihat,36
terbaru,36
ilang,36
yaa,35
ulang,35
teman,35
pun,35
namun,35
gua,35
sy,35
tampilan,34
waktu,34
tp,34
semakin,34
aplikasinya,33
bukan,33
email,33
filter,33
font,33
pakai,32
data,32
soalnya,32
agar,32
kami,32
kemarin,32
membuat,31
tpi,31
langsung,31
klo,31
berubah,31
gambar,31
benar,31
si,30
doang,30
pasti,30
kaya,30
ganti,30
deh,30
tuh,29
dibuka,28
terlalu,28
bahkan,28
please,28
melakukan,28
gw,28
menyimpan,28
eh,27
developer,27
cuman,27
fiturnya,27
nggak,27
jg,27
punya,27
simpan,27
ditangguhkan,27
kirim,27
bener,27
bagian,27
download,27
up,26
aman,26
penting,26
iklan,26
paling,26
gue,26
kualitas,25
an,25
semoga,25
akhir,25
pesan,25
menambahkan,25
sedangkan,25
kamera,25
kena,25
mulu,25
mengikuti,25
meta,25
follow,24
kurang,24
beranda,24
kedua,24
pertama,24
awal,24
menjadi,24
tau,24
ngebug,24
layar,24
nomor,24
berkali,24
tdk,24
pelanggaran,24
kek,24
sya,23
ni,23
koneksi,23
wifi,23
mana,23
kode,23
menghapus,23
log,23
anda,23
begitu,23
sedikit,22
knp,22
atas,22
lagunya,22
parah,22
minta,22
apapun,22
utama,22
kesini,22
tahun,22
sebelumnya,22
konten,22
in,22
komentar,22
membantu,21
lag,21
full,21
kendala,21
trs,21
mungkin,21
habis,21
g,21
versi,21
skrg,21
secara,21
ngga,21
reel,20
balik,20
mudah,20
plis,20
diupdate,20
jadinya,20
kedip,20
nyaman,20
sorotan,19
dm,19
sebenarnya,19
gaada,19
saran,19
nih,19
bermasalah,19
sg,19
alasan,19
galeri,19
catatan,19
masukin,18
musiknya,18
min,18
digunakan,18
notifikasi,18
dll,18
gajelas,18
temen,18
sistem,18
maaf,18
ngelag,17
apalagi,17
bawah,17
mulai,17
dilihat,17
katanya,17
suara,17
beri,17
buruk,17
nonton,17
dihilangkan,17
daftar,17
terima,17
tambah,17
repost,17
efek,17
biasanya,17
bugnya,17
lainnya,17
hilangkan,17
kembalikan,16
benerin,16
harap,16
awalnya,16
notif,16
nanti,16
fotonya,16
sebagai,16
hitam,16
tambahkan,16
feed,16
jam,16
nonaktifkan,16
ilangin,16
internet,16
audio,16
menit,16
main,16
music,16
balikin,16
media,15
cukup,15
perlu,15
kuota,15
aktif,15
edit,15
like,15
memori,15
bagi,15
dua,15
password,15
akunnya,15
lewat,15
loh,15
permanen,15
kepada,15
memposting,15
semuanya,15
fb,15
muter,14
disimpan,14
bagaimana,14
suruh,14
jdi,14
ternyata,14
respon,14
momen,14
mengalami,14
entah,14
hd,14
minggu,14
sebelum,14
enak,14
dgn,14
merasa,14
tangguhkan,14
jd,14
memang,14
ngk,14
komen,14
kesel,14
facebook,14
pengikut,14
oleh,13
stories,13
terutama,13
sumpah,13
cek,13
user,13
pilihan,13
bantuan,13
out,13
sengaja,13
chat,13
otomatis,13
oke,13
lemot,13
gada,13
sesuai,13
menunggu,13
ad,13
uninstall,13
tak,13
selama,13
diputar,13
ny,13
sdh,13
sosial,12
lgi,12
upgrade,12
highlight,12
secepatnya,12
gunakan,12
nyimpen,12
bingung,12
cepat,12
disuruh,12
stuck,12
ataupun,12
mending,12
perbaikan,12
mengganggu,12
aj,12
membuka,12
org,12
melanggar,12
perubahan,12
mengapa,12
uda,12
hasil,12
mencari,12
d,12
bio,12
bantuannya,12
instal,12
account,12
beda,12
suaranya,12
bnyk,12
admin,12
informasi,12
kesal,11
terkadang,11
halo,11
videonya,11
supaya,11
tambahin,11
sementara,11
klik,11
adanya,11
verifikasi,11
bulan,11
telah,11
mengganti,11
emang,11
berharga,11
tingkatkan,11
tiktok,11
cari,11
begini,11
mengirim,11
adalah,11
kak,11
berapa,11
apus,11
bermanfaat,11
ngeliat,11
perbaikin,11
skrng,11
jgn,11
lupa,11
tentang,11
pliss,11
kalian,11
orng,11
pencet,11
nama,11
sejak,11
ubah,11
dikit,11
whatsapp,11
bangett,10
berulang,10
engga,10
putih,10
jalan,10
pengaturan,10
android,10
arsipan,10
menurut,10
abis,10
kualitasnya,10
lambat,10
sedang,10
iya,10
layarnya,10
nunggu,10
keamanan,10
refresh,10
hampir,10
memakai,10
apaan,10
bakal,10
selain,10
opsi,10
lu,10
semula,10
install,10
isi,10
ttp,10
ribet,10
mencoba,10
samsung,10
sehingga,10
selesai,10
dikirim,10
ajukan,10
lg,10
hasilnya,10
yah,10
memiliki,10
agak,10
ngirim,10
kehapus,10
solusinya,10
tahu,10
jujur,10
live,10
baguss,10
followers,10
komunitas,10
gmn,10
pengen,9
scroll,9
ko,9
nyaa,9
pilih,9
nyari,9
dimana,9
penuh,9
jga,9
keluhan,9
rekam,9
stabil,9
freeze,9
pribadi,9
item,9
pecah,9
sekian,9
gatau,9
giliran,9
bantu,9
masalahnya,9
mati,9
harusnya,9
x,9
sayang,9
normal,9
hingga,9
fix,9
mendapatkan,9
sebaiknya,9
slide,9
memperbaiki,9
suspend,9
jarang,9
blur,9
draf,9
gagal,9
status,9
terupdate,9
walaupun,9
tolonglah,9
blokir,9
detik,8
durasi,8
baca,8
profile,8
mereka,8
diri,8
penyimpanan,8
background,8
diposting,8
wajah,8
memulihkan,8
memuat,8
call,8
penggunaan,8
instastory,8
diakun,8
app,8
lagii,8
bukannya,8
kemudian,8
tersimpan,8
tag,8
rusak,8
krn,8
terkirim,8
akunku,8
paket,8
wa,8
arsipnya,8
meng,8
memberi,8
ikuti,8
nah,8
besar,8
kapan,8
krna,8
follower,8
dinonaktifkan,8
second,8
solusi,8
tu,8
disana,8
lelet,8
pemberitahuan,8
ngapa,8
para,8
dipake,8
username,8
amat,8
disitu,8
a,8
ngepost,8
info,7
misal,7
merugikan,7
laporkan,7
telat,7
mengajukan,7
sound,7
bakalan,7
segala,7
sampah,7
berhenti,7
menurun,7
terlihat,7
acc,7
and,7
masi,7
pokoknya,7
memudahkan,7
barunya,7
postingannya,7
icon,7
peminat,7
cm,7
hrs,7
bbrp,7
serta,7
minimal,7
dicoba,7
ujung,7
terkait,7
no,7
privasi,7
yaaa,7
terhapus,7
mengecewakan,7
males,7
keterangan,7
caranya,7
meresahkan,7
k,7
kaga,7
mempertahankan,7
membagikannya,7
mah,7
kejadian,7
diganti,7
keren,7
uninstal,7
lite,7
kedepannya,7
memberikan,7
logout,7
gelap,7
kenyamanan,7
tertentu,7
dibuat,7
handphone,7
mengupload,7
kiri,7
apakah,7
pdahal,7
sedih,7
semenjak,7
kekirim,7
permasalahan,7
asal,7
gara,7
cmn,7
muka,7
reset,7
intagram,7
kah,7
dihilangin,7
sm,7
seseorang,6
sini,6
loadingnya,6
tombol,6
threads,6
aktivitas,6
mengenai,6
mengambil,6
macet,6
pikir,6
tim,6
langkah,6
dibantu,6
kekurangan,6
seminggu,6
nyimpan,6
siapa,6
mode,6
halaman,6
buang,6
kecil,6
overall,6
yaitu,6
gtu,6
cache,6
save,6
tambahan,6
kolom,6
pencarian,6
menyukai,6
gapapa,6
sii,6
kmrn,6
nambah,6
emosi,6
konfirmasi,6
instagramnya,6
selfie,6
menonton,6
ulasan,6
hilangin,6
bnyak,6
justru,6
berjalan,6
menggangu,6
senang,6
ditambahkan,6
tulisannya,6
gila,6
spam,6
dri,6
iklannya,6
judol,6
cape,6
sebel,6
bngt,6
seharusnya,6
insta,6
ter,6
dr,6
sulit,6
link,6
rating,6
berbeda,6
buram,6
berfungsi,6
dipakai,6
smua,6
menambah,6
igtv,6
jawab,6
terdapat,6
nambahin,6
capek,6
kanan,6
pengajuan,6
ponsel,6
memenuhi,6
syarat,6
knpa,6
tadi,6
seluruh,6
kyk,6
following,6
menghilangkan,6
aq,6
publik,6
camera,6
sma,5
favorit,5
thanks,5
sendirinya,5
woi,5
draft,5
tinggal,5
tinggi,5
sebagian,5
bahwa,5
contohnya,5
dikasih,5
masak,5
bacaan,5
memo,5
selanjutnya,5
tunggu,5
satunya,5
kerja,5
kouta,5
oh,5
sebelah,5
selebihnya,5
lo,5
beneran,5
storynya,5
penggunanya,5
kagak,5
nyoba,5
ngasih,5
but,5
feeds,5
diliat,5
mw,5
keliatan,5
tempat,5
reelsnya,5
pemulihan,5
stiker,5
perbaikannya,5
ngikutin,5
merata,5
temanku,5
akhirnya,5
yakin,5
ukuran,5
blm,5
makasih,5
sebab,5
moment,5
terbuka,5
dlu,5
kira,5
bangettt,5
t,5
tertarik,5
termasuk,5
tolongg,5
setengah,5
tindakan,5
mengubah,5
nggk,5
artis,5
luar,5
unduh,5
snapgram,5
kodenya,5
dibatasi,5
laporan,5
merespon,5
berikan,5
terbarunya,5
setting,5
gapernah,5
tiga,5
pls,5
bagikan,5
tlong,5
bertahun,5
tsb,5
kepotong,5
panjang,5
ngapain,5
ama,5
kn,5
ikut,5
jernih,5
proses,5
ok,5
first,5
gmail,5
lho,5
sejauh,5
ditingkatkan,5
kasi,5
algoritma,5
dibaca,5
youtube,5
delay,5
isinya,5
sayangnya,5
masukan,5
utk,5
dongg,5
apalah,5
terduga,5
aturan,5
scrol,5
inii,5
berat,5
share,5
dia,5
menerima,5
butuh,5
lawan,5
emoji,5
plus,4
dipost,4
unfollow,4
seluler,4
kebuka,4
boleh,4
you,4
blank,4
pemilihan,4
grid,4
enggak,4
burem,4
sosmed,4
berkembang,4
burik,4
ntar,4
unggah,4
ganggu,4
canggih,4
bermain,4
sekedar,4
dipulihkan,4
gunanya,4
diberi,4
meminta,4
updatenya,4
slalu,4
membaik,4
menganggu,4
menarik,4
membagikan,4
bentuk,4
ngak,4
reals,4
merepotkan,4
berhari,4
note,4
best,4
jdinya,4
anehh,4
sempat,4
sebulan,4
maupun,4
ntah,4
dipencet,4
dpt,4
ngaco,4
kesimpen,4
y,4
logo,4
rasa,4
perhatikan,4
tampilannya,4
durasinya,4
diatur,4
akal,4
mlh,4
biasa,4
riwayat,4
tontonan,4
menu,4
ah,4
percuma,4
intinya,4
kesana,4
keganti,4
sepertinya,4
dicari,4
tekan,4
sepi,4
warna,4
hidup,4
sehari,4
siaran,4
bersama,4
ngetag,4
kosong,4
pengalaman,4
menggunakannya,4
dibenerin,4
samsek,4
kebawah,4
bbrpa,4
direspon,4
pindah,4
alami,4
perasaan,4
dibikin,4
teruss,4
tb,4
pedoman,4
aju,4
apknya,4
aslinya,4
bro,4
nnti,4
telepon,4
identitas,4
khusus,4
iphone,4
ampun,4
nyesel,4
sinyalnya,4
platform,4
antara,4
kelihatan,4
maksudnya,4
terbaik,4
contoh,4
terganggu,4
lumayan,4
bilang,4
igs,4
diedit,4
rata,4
berhasil,4
permintaan,4
bolak,4
mengunggah,4
mengenang,4
maka,4
siii,4
kebanyakan,4
pertimbangkan,4
kamu,4
pke,4
google,4
terdeteksi,4
the,4
pula,4
diarsipkan,4
kesulitan,4
biru,4
follback,4
lh,4
pulihkan,4
batasan,4
profesional,4
demi,4
sana,4
asli,4
komennya,4
mempermudah,4
jaya,4
make,4
sebuah,4
why,4
ngeselin,4
peraturan,4
kehilangan,4
sllu,4
gausah,4
i,4
masukkan,4
gmna,4
donk,4
tepat,4
indonesia,4
kontennya,4
melalui,4
terpotong,4
mirip,4
berbau,4
rels,4
bola,4
pdhal,4
terkena,4
sekolah,4
hiburan,4
tlg,4
seru,4
jug,4
papa,4
kenang,4
lakukan,4
sayaa,4
bs,4
masing,4
keseluruhan,3
gangguan,3
menurutku,3
thank,3
maju,3
ambil,3
vid,3
mengeluhkan,3
komplain,3
pembaharuan,3
dapet,3
for,3
pakek,3
peringatan,3
ruang,3
luas,3
maunya,3
bunyi,3
pause,3
siang,3
menanggapi,3
mengekspresikan,3
poto,3
rubah,3
kelamaan,3
streaming,3
lohh,3
nyusahin,3
s,3
ditaruh,3
drastis,3
setidaknya,3
mengatasi,3
job,3
kunci,3
dev,3
teks,3
selang,3
vidionya,3
seakan,3
ngalamin,3
malas,3
brp,3
adakan,3
leluasa,3
melulu,3
muak,3
merusak,3
kenceng,3
pertahankan,3
ngapus,3
keupdate,3
gbsa,3
terpaksa,3
hps,3
mna,3
muat,3
frame,3
manual,3
kolaborator,3
dipersulit,3
interaktif,3
ditutupi,3
ujungnya,3
tertulis,3
penangguhan,3
hadeh,3
ceritanya,3
dibilang,3
keinginan,3
nangis,3
berwarna,3
emg,3
mengatur,3
sadar,3
pulih,3
tanda,3
pengiriman,3
arsipkan,3
nga,3
pagi,3
browsing,3
report,3
per,3
gampang,3
putar,3
napa,3
tutor,3
sempet,3
lengkap,3
dianggap,3
tanggapannya,3
keunggulan,3
berinteraksi,3
kirain,3
plisss,3
telpon,3
ialah,3
ngedit,3
untung,3
jualan,3
negara,3
lima,3
mendengarkan,3
album,3
disabilitas,3
suatu,3
umum,3
template,3
rajin,3
disediakan,3
menghilang,3
kemaren,3
kreator,3
memulai,3
berharap,3
bnget,3
close,3
bekerja,3
simpen,3
terbatas,3
ditambah,3
ngeganggu,3
gambarnya,3
dimohon,3
memfollow,3
tertunda,3
riset,3
hr,3
berita,3
diketahui,3
server,3
terkenal,3
pembaruan,3
anak,3
feedback,3
instragram,3
melaporkan,3
e,3
bnr,3
dear,3
dampak,3
pastinya,3
device,3
notifnya,3
support,3
sngt,3
mata,3
klau,3
sebenernya,3
gegara,3
perbarui,3
belakang,3
f,3
ikutan,3
kompres,3
yakali,3
alasannya,3
penghapusan,3
ajaa,3
dahulu,3
pleasee,3
mengembalikan,3
dikarenakan,3
pribadinya,3
adain,3
unfoll,3
limit,3
online,3
lainya,3
judi,3
kembaliin,3
flipside,3
otp,3
ngefollow,3
diterima,3
alhamdulillah,3
diambil,3
sandinya,3
diperbarui,3
kenangannya,3
naik,3
penjualan,3
keyboard,3
titik,3
daripada,3
algoritmanya,3
dekat,3
kmren,3
truss,3
dunia,3
setuju,3
usah,3
menikmati,3
pusat,3
terimakasii,3
tujuan,3
berkurang,3
fto,3
jawaban,3
vc,3
stiap,3
terhadap,3
ignya,3
fungsi,3
keluarga,3
sungguh,3
samping,3
disarankan,3
audionya,3
karina,3
bila,3
unfol,3
pornografi,3
penipuan,3
diblokir,3
heran,3
mengupdate,3
total,3
skali,3
se,3
landscape,3
load,3
akses,3
rasio,3
berkomunikasi,3
menjangkau,3
dihp,3
jadiin,3
besok,3
sepak,3
pd,3
ngerusak,3
tertaut,3
berkedip,3
sensitif,3
down,3
kedap,3
lamaa,3
ngajuin,3
milik,3
macem,3
didalamnya,3
sinkron,3
diminta,3
ngeleg,3
diikuti,3
web,3
model,3
itupun,3
lahhh,3
hai,3
tugas,3
naikin,3
kebijakannya,3
via,3
menyediakan,3
aktifkan,3
over,3
makanan,3
kedepan,3
selfi,3
brsan,3
ikutin,3
ketiduran,3
simbol,3
speaker,3
bicara,3
tutup,2
sampul,2
knapa,2
diatas,2
lirik,2
parahnya,2
bar,2
tab,2
tombolnya,2
ngulang,2
posisi,2
tdi,2
or,2
alias,2
kembangkan,2
to,2
jumping,2
ramah,2
ui,2
bisalah,2
merasakan,2
rasanya,2
kentang,2
sehabis,2
walau,2
sekalinya,2
kreatif,2
spesial,2
sambil,2
mu,2
sesudah,2
memasukan,2
sukanya,2
besoknya,2
ilangg,2
tangani,2
pict,2
ditaruhnya,2
swipe,2
hancur,2
play,2
diprofil,2
playstore,2
dikompres,2
usahakan,2
so,2
problem,2
peduli,2
saranin,2
at,2
least,2
meningkatkan,2
setahun,2
misalnya,2
keulang,2
kemungkinan,2
kepencet,2
kebutuhan,2
memilih,2
butuhkan,2
good,2
cepet,2
segi,2
iseng,2
izinkan,2
lambang,2
sangatlah,2
seolah,2
add,2
pokonya,2
dibagian,2
efisiensi,2
glitch,2
dark,2
apasih,2
akalin,2
geram,2
memutar,2
ngawur,2
tan,2
tata,2
letak,2
undang,2
kesalahannya,2
diakses,2
nyarinya,2
memasukkan,2
click,2
notifikasinya,2
sinyalpun,2
judul,2
lapor,2
sabar,2
autolock,2
asik,2
rasionya,2
khususnya,2
relevan,2
dimintai,2
bjir,2
apli,2
buatlah,2
rendah,2
disayangkan,2
latarnya,2
disini,2
memperhatikan,2
klu,2
stak,2
menghibur,2
aktifitas,2
hendak,2
terlanjur,2
woy,2
matiin,2
menonaktifkan,2
kecanduan,2
fanspage,2
tiktod,2
fyp,2
os,2
pc,2
deskripsi,2
silahkan,2
ulangi,2
kalimat,2
lamaaaa,2
atur,2
arsib,2
ketekan,2
situ,2
dn,2
sprti,2
mksd,2
nyambung,2
instagran,2
sgt,2
blackscreen,2
isntagram,2
secepat,2
semacamnya,2
kalii,2
perbaharui,2
diapus,2
didownload,2
kadaluarsa,2
diretas,2
guys,2
bertanya,2
tanya,2
mengakses,2
what,2
gbisa,2
sebaliknya,2
fc,2
sore,2
ngezoom,2
jaman,2
aktor,2
saling,2
idola,2
cantik,2
pisah,2
satukan,2
berbayar,2
rugi,2
jir,2
lowding,2
hpnya,2
maap,2
ketemu,2
angka,2
kalinya,2
murni,2
bertuliskan,2
jaringannya,2
berbuat,2
memotong,2
mulus,2
terjemahan,2
sebagus,2
hpus,2
anggap,2
minnn,2
mengirimkan,2
passwordnya,2
center,2
meningkat,2
tentunya,2
rumit,2
diem,2
optimalkan,2
melainkan,2
jangkauan,2
dati,2
menyembunyikan,2
belakangan,2
wkwk,2
kudu,2
ngerepotin,2
restart,2
chace,2
dilakukan,2
force,2
momennya,2
la,2
mlah,2
auto,2
direfresh,2
samanya,2
pos,2
harapan,2
membatasi,2
nyebelin,2
original,2
kebijakan,2
banned,2
lucu,2
minus,2
tertera,2
tidk,2
mengisi,2
koleksi,2
unggahan,2
comen,2
penilaian,2
menganti,2
disukai,2
mengatasinya,2
memory,2
diselesaikan,2
perhatiannya,2
potrait,2
kabar,2
meninjau,2
haloo,2
sayangkan,2
tipe,2
ituu,2
loding,2
do,2
understand,2
positif,2
negatif,2
sumber,2
ilmu,2
pengetahuan,2
menyebabkan,2
stres,2
berlebihan,2
menampilkan,2
diunggah,2
mengedit,2
munculnya,2
semenit,2
sia,2
diam,2
sekalian,2
notes,2
dtk,2
msa,2
pemilik,2
ngetik,2
gonta,2
batal,2
telegram,2
obrolan,2
akunya,2
meskipun,2
dikira,2
hape,2
berbagi,2
rekomendasi,2
koo,2
zaman,2
helppp,2
belajar,2
dipermudah,2
pemula,2
pengecekan,2
menyusahkan,2
plislah,2
uji,2
responnya,2
captionnya,2
keseringan,2
arsipin,2
kenal,2
berbicara,2
devices,2
beriklan,2
lewati,2
dibalas,2
wajar,2
sedemikian,2
ngumpulin,2
plissss,2
hehe,2
team,2
melindungi,2
keperluan,2
private,2
mula,2
stlh,2
kmbli,2
slh,2
sekitar,2
mentok,2
istagram,2
baperan,2
ai,2
tulis,2
medsos,2
bagusss,2
pelan,2
turun,2
jumlah,2
tbtb,2
mencet,2
diiklankan,2
percaya,2
terhenti,2
promosi,2
sountrack,2
respect,2
ajah,2
ngesave,2
tadinya,2
tandanya,2
hati,2
hri,2
rela,2
secc,2
ide,2
beli,2
berbagai,2
tolongin,2
penguna,2
blokiran,2
sediakan,2
menyebalkan,2
hewan,2
cobain,2
sebentar,2
dikenal,2
lanjuti,2
ngefreeze,2
menuhin,2
guna,2
barang,2
mncl,2
diubah,2
menghambat,2
berupa,2
dicek,2
don,2
dowload,2
berlaku,2
p,2
integritas,2
paham,2
satupun,2
buktinya,2
terkunci,2
ngecek,2
peningkatan,2
berjualan,2
kasian,2
menipu,2
ketentuan,2
bodoh,2
unistall,2
unsur,2
barusan,2
retas,2
pelaporan,2
menemukan,2
kondisi,2
imel,2
love,2
modelnya,2
interface,2
fontnya,2
ttep,2
dng,2
susahnya,2
ngerti,2
tokyo,2
rio,2
de,2
janeiro,2
sepekat,2
menjual,2
terlarang,2
tanggal,2
september,2
text,2
sihh,2
disetting,2
pengeditan,2
bahasa,2
inggris,2
ja,2
disaat,2
instagramm,2
faktor,2
id,2
diulang,2
anj,2
harapkan,2
apabila,2
pelanggan,2
bisnis,2
menutup,2
ragu,2
duluu,2
notice,2
bacaannya,2
ketiga,2
pass,2
payah,2
unistal,2
pasir,2
diboost,2
bervalue,2
its,2
kolaborasi,2
snow,2
bkn,2
konsisten,2
mengundang,2
resmi,2
ayolah,2
menaruh,2
semacam,2
cba,2
yng,2
dasar,2
copot,2
nyy,2
nnton,2
bgus,2
taro,2
niat,2
pertemanan,2
dilaporkan,2
diklik,2
otomotif,2
kya,2
mngkin,2
mantan,2
kerabat,2
me,2
taruh,2
mengizinkan,2
bingkai,2
palsu,2
batasi,2
centang,2
lembaga,2
seharian,2
biarkan,2
urgent,2
sekelas,2
kelas,2
dicatatan,2
diperhatikan,2
ngelakuin,2
mencurigakan,2
persulit,2
privat,2
teruntuk,2
comment,2
pembatasan,2
rusia,2
gerak,2
dung,2
menyenangkan,2
hack,2
nomer,2
yt,2
all,2
sekecewa,2
dg,2
vitur,2
batas,2
bru,2
photo,2
materi,2
terhubung,2
sorry,2
sistemnya,2
banyakk,2
ruwet,2
acak,2
mail,2
kuliah,2
arsipannya,2
kirimkan,2
kunjung,2
terulang,2
sja,2
seorang,2
teknis,2
hallo,2
bebas,2
caption,2
garis,2
jangn,2
kangan,2
smp,2
rumor,2
assalamualaikum,2
tunda,2
permintaanya,2
sepihak,2
sw,2
jelekk,2
msih,2
thn,2
asalkan,2
kpn,2
da,2
pengganti,2
terdaftar,2
pp,2
stickernya,2
teramat,2
emng,2
setelan,2
lengkung,2
ditahan,2
karya,2
pw,2
pilihannya,2
eating,2
sukai,2
mantap,2
ber,2
otot,2
tanggung,2
bintangnya,2
diomelin,2
chatan,2
magrib,2
bandingkan,2
autentikasi,2
dipke,2
gunaa,2
digit,2
stori,2
downgrade,2
memperbarui,2
benci,2
dalamnya,2
mengabadikan,2
dipostingan,2
tingkat,2
pojok,2
berandanya,2
editing,2
kesabaran,2
direkomendasikan,2
bawaan,2
menyematkan,2
mesti,2
tik,2
tok,2
betulin,1
le,1
sampaikan,1
keinginanku,1
perpanjang,1
nanggung,1
manjangin,1
nyempetin,1
discroll,1
wahai,1
batre,1
oreo,1
geser,1
lanjutin,1
menyamankan,1
dimasukkan,1
teknisnya,1
kemakan,1
rancang,1
sanggat,1
reload,1
mengakui,1
pencanggihan,1
memadai,1
perihal,1
kepake,1
easy,1
use,1
dioperasikan,1
pengenalan,1
checklist,1
lanjutan,1
berarti,1
mengetahui,1
plusnya,1
recommended,1
gobag,1
emprak,1
